{"reward_vessel": {"mean": -2.567045684886336, "var": 2.388211452599362, "count": 15872.00000001}, "reward_port": {"mean": -1.424495967740498, "var": 0.1612850282124383, "count": 9920.00000001}, "reward_coordinator": {"mean": -39.20323901753786, "var": 744.4555136334942, "count": 1984.00000001}, "obs_vessel": {"mean": [2.3749999999985048, 8.0624999999949, 85.75443385707233, 44.3606929688793, 0.9121933803757705, 0.30808222788534995, 0.2865902986956498, 0.28573639000094203, 0.296339539019393, 0.316776831886227, 0.2988719795955211, 0.34101463617931194, 0.2841365753304075, 0.29856920247926094, 0.291148729428704, 0.2832167682737834, 0.3053416881315133, 1.9654737903213364, 10.264112903219365, 33.354826756159795, 1.2424186349859043], "var": [1.2343750000034006, 0.24609375004143014, 335.3432109164388, 3251.821774840151, 0.0711500445943871, 0.33261615239483844, 0.31400025256685693, 0.3445316487131381, 0.3110910057073366, 0.3186969181975625, 0.39848927808269835, 0.31699923976082356, 0.2596314285085428, 0.2933838022371037, 0.2668947972985498, 0.30342836720745825, 0.2992860000986092, 1.9345438279439227, 74.03105082598304, 296.72298957092033, 0.35076099149764206], "count": 15872.00000001}, "obs_port": {"mean": [0.09012096774184494, 2.9999999999970033, 0.26249999999973517, 0.2822659138737256, 0.26288412975735925, 0.26541984714158556, 0.2859538333378501, 0.300774564893333, 0.2726001684064275, 0.3228672020959154, 0.27127520522862547, 0.284093323095836, 0.27513864172590125, 0.2635906989112616, 0.2953179092577221, 0.12883064516116047, 1.4827925318723316, 1.7183274085660158, 0.003326612903222458], "var": [0.22353143698049982, 1.0080645056511522e-11, 0.630287298387539, 0.27447200766241037, 0.25542479694852177, 0.30088819389883226, 0.29329149992596143, 0.30059495911547957, 0.3176033466314427, 0.28410149760330405, 0.2400460436001064, 0.26880105263083987, 0.2538400470020542, 0.23578493015544416, 0.2736293125273754, 0.3610236326099207, 0.017252894478448084, 0.02699036758653787, 0.0008331876798573954], "count": 9920.00000001}, "obs_coordinator": {"mean": [0.2173559731280182, 0.43304718697863137, 0.8268130740357389, 1.2595825757920074, 1.5582157959547525, 0.14271850740570788, 0.4297221116834353, 0.8117968160068579, 1.1492587790743367, 1.5054294979502945, 0.38531356888350704, 0.6666082444488157, 1.019139111120926, 1.416343630368384, 1.7558508345137127, 0.15550943568523676, 0.46071199855471023, 0.7972276280604914, 1.2282485361501394, 1.5544086752246258, 0.10473016026439429, 0.41214384327845394, 0.7056107875469849, 1.075754395962221, 1.4938384767496569, 1.9999999999899194, 8.062499999959355, 83.53080162144421, 51.28508374925286, 2.9999999999848774, 8.062499999959355, 81.54297523674211, 57.475175111215556, 2.9999999999848774, 8.062499999959355, 90.67331862598071, 29.04328579712665, 1.9999999999899194, 8.062499999959355, 80.7779877373886, 59.85734618420189, 3.999999999979839, 8.062499999959355, 84.89217466488196, 47.04576809198863, 1.9999999999899194, 8.062499999959355, 84.68654826765936, 47.68608869293894, 0.0, 8.062499999959355, 87.30137708519861, 39.54351175512165, 2.9999999999848774, 8.062499999959355, 92.63028761426122, 22.949284367621576, 354.8855437494667, 0.0, 1.4011175088054209, 1.4983191847690747, 1.4489482246559822, 1.4543592865988755, 1.4011175088054209, 0.0, 1.4041423535019673, 1.5686089443627849, 1.523273728767912, 1.4983191847690747, 1.4041423535019673, 0.0, 1.5238440172704986, 1.5272750505158776, 1.4489482246559822, 1.5686089443627849, 1.5238440172704986, 0.0, 1.478037019415173, 1.4543592865988755, 1.523273728767912, 1.5272750505158776, 1.478037019415173, 0.0], "var": [0.2064585981020878, 0.27959433605902045, 0.28647325903337834, 0.26672828672225063, 0.29438821875923965, 0.10656266673026168, 0.1444096302280306, 0.19601884573430564, 0.198991993397206, 0.150761887194576, 0.6765987460545092, 0.6281698271985792, 0.7353210710665166, 0.7651341988688136, 0.6910275131547516, 0.15718092397117137, 0.23482994402927662, 0.2460899417175263, 0.24602976412296712, 0.30850549594203225, 0.025091426511393865, 0.075633738718666, 0.08232216667932354, 0.09046213230025964, 0.09037174810992168, 2.5201612699834623e-11, 0.24609375033144085, 361.71844415677526, 3507.582305786659, 5.0403225282171045e-11, 0.24609375033144085, 391.56967414081157, 3797.04956355636, 5.0403225282171045e-11, 0.24609375033144085, 268.05282948139904, 2599.307214872176, 2.5201612699834623e-11, 0.24609375033144085, 405.783174446957, 3934.8778191785336, 8.568548327796148e-11, 0.24609375033144085, 314.7548962570945, 3052.176969644337, 2.5201612699834623e-11, 0.24609375033144085, 338.59474912282633, 3283.3519275259373, 5.040322544431759e-12, 0.24609375033144085, 290.1620505374589, 2813.7002430488596, 5.0403225282171045e-11, 0.24609375033144085, 188.9142332659676, 1831.9005639063948, 143492.3545787252, 5.040322544431759e-12, 0.061221000012445, 0.05821463688985171, 0.04762532102399284, 0.06972786439527849, 0.061221000012445, 5.040322544431759e-12, 0.05764926158483433, 0.04720386305374846, 0.07515411429294763, 0.05821463688985171, 0.05764926158483433, 5.040322544431759e-12, 0.03833015996639611, 0.044775797799899694, 0.04762532102399284, 0.04720386305374846, 0.03833015996639611, 5.040322544431759e-12, 0.06594631442109575, 0.06972786439527849, 0.07515411429294763, 0.044775797799899694, 0.06594631442109575, 5.040322544431759e-12], "count": 1984.00000001}}