{
  "mean": {
    "mean_vessel_reward": -2.369641831957962,
    "mean_port_reward": -1.42,
    "mean_coordinator_reward": -34.41817470313506,
    "total_reward": -2636.339340921419,
    "avg_speed": 8.0,
    "avg_fuel_remaining": 58.7522525242515,
    "total_fuel_used": 329.981979805988,
    "total_emissions_co2": 1027.5638851158462,
    "avg_delay_hours": 23.05,
    "on_time_rate": 0.0,
    "avg_queue": 0.0,
    "dock_utilization": 0.0,
    "total_wait_hours": 25.8,
    "total_vessels_served": 10.6,
    "avg_wait_per_vessel": 2.3594627594627595,
    "fuel_cost_usd": 197989.18788359276,
    "delay_cost_usd": 922000.0,
    "carbon_cost_usd": 92480.74966042618,
    "total_ops_cost_usd": 1212469.937544019,
    "price_per_vessel_usd": 151558.74219300237,
    "cost_reliability": 0.8484412578069975
  },
  "std": {
    "mean_vessel_reward": 0.31474176033812384,
    "mean_port_reward": 0.006760523936052488,
    "mean_coordinator_reward": 5.716985452201258,
    "total_reward": 414.95702819356376,
    "avg_speed": 0.0,
    "avg_fuel_remaining": 6.84326856946348,
    "total_fuel_used": 54.74614855570781,
    "total_emissions_co2": 170.47950660247406,
    "avg_delay_hours": 4.856439024635232,
    "on_time_rate": 0.0,
    "avg_queue": 0.0,
    "dock_utilization": 0.0,
    "total_wait_hours": 10.457533169921097,
    "total_vessels_served": 2.244994432064365,
    "avg_wait_per_vessel": 0.551622845970133,
    "fuel_cost_usd": 32847.68913342469,
    "delay_cost_usd": 194257.56098540928,
    "carbon_cost_usd": 15343.15559422267,
    "total_ops_cost_usd": 194152.5800104341,
    "price_per_vessel_usd": 24269.07250130426,
    "cost_reliability": 0.024269072501304233
  },
  "min": {
    "mean_vessel_reward": -2.743206489986092,
    "mean_port_reward": -1.4304347826086956,
    "mean_coordinator_reward": -43.283692971632775,
    "total_reward": -3273.356062851702,
    "avg_speed": 8.0,
    "avg_fuel_remaining": 48.16331996924296,
    "total_fuel_used": 252.33640278520062,
    "total_emissions_co2": 785.7755582731147,
    "avg_delay_hours": 16.875,
    "on_time_rate": 0.0,
    "avg_queue": 0.0,
    "dock_utilization": 0.0,
    "total_wait_hours": 13.0,
    "total_vessels_served": 7.0,
    "avg_wait_per_vessel": 1.8571428571428572,
    "fuel_cost_usd": 151401.84167112038,
    "delay_cost_usd": 675000.0,
    "carbon_cost_usd": 70719.80024458031,
    "total_ops_cost_usd": 940994.316361819,
    "price_per_vessel_usd": 117624.28954522738,
    "cost_reliability": 0.8128597331811922
  },
  "max": {
    "mean_vessel_reward": -1.9528127048422173,
    "mean_port_reward": -1.4130434782608696,
    "mean_coordinator_reward": -26.339658197325484,
    "total_reward": -2050.0804922495713,
    "avg_speed": 8.0,
    "avg_fuel_remaining": 68.45794965184993,
    "total_fuel_used": 414.6934402460563,
    "total_emissions_co2": 1291.3553729262192,
    "avg_delay_hours": 29.5,
    "on_time_rate": 0.0,
    "avg_queue": 0.0,
    "dock_utilization": 0.0,
    "total_wait_hours": 44.0,
    "total_vessels_served": 13.0,
    "avg_wait_per_vessel": 3.3846153846153846,
    "fuel_cost_usd": 248816.0641476338,
    "delay_cost_usd": 1180000.0,
    "carbon_cost_usd": 116221.98356335972,
    "total_ops_cost_usd": 1497122.1345504627,
    "price_per_vessel_usd": 187140.26681880784,
    "cost_reliability": 0.8823757104547726
  },
  "episodes": [
    {
      "mean_vessel_reward": -2.743206489986092,
      "mean_port_reward": -1.4130434782608696,
      "mean_coordinator_reward": -43.283692971632775,
      "total_reward": -3273.356062851702,
      "avg_speed": 8.0,
      "avg_fuel_remaining": 48.16331996924296,
      "total_fuel_used": 414.6934402460563,
      "total_emissions_co2": 1291.3553729262192,
      "avg_delay_hours": 18.125,
      "on_time_rate": 0.0,
      "avg_queue": 0.0,
      "dock_utilization": 0.0,
      "total_wait_hours": 23.0,
      "total_vessels_served": 12,
      "avg_wait_per_vessel": 1.9166666666666667,
      "fuel_cost_usd": 248816.0641476338,
      "delay_cost_usd": 725000.0,
      "carbon_cost_usd": 116221.98356335972,
      "total_ops_cost_usd": 1090038.0477109936,
      "price_per_vessel_usd": 136254.7559638742,
      "cost_reliability": 0.8637452440361257
    },
    {
      "mean_vessel_reward": -2.078684737241018,
      "mean_port_reward": -1.4246376811594204,
      "mean_coordinator_reward": -31.516576807077275,
      "total_reward": -2416.373046557962,
      "avg_speed": 8.0,
      "avg_fuel_remaining": 62.22787637149549,
      "total_fuel_used": 302.1769890280361,
      "total_emissions_co2": 940.9791438333044,
      "avg_delay_hours": 16.875,
      "on_time_rate": 0.0,
      "avg_queue": 0.0,
      "dock_utilization": 0.0,
      "total_wait_hours": 20.0,
      "total_vessels_served": 9,
      "avg_wait_per_vessel": 2.2222222222222223,
      "fuel_cost_usd": 181306.19341682165,
      "delay_cost_usd": 675000.0,
      "carbon_cost_usd": 84688.1229449974,
      "total_ops_cost_usd": 940994.316361819,
      "price_per_vessel_usd": 117624.28954522738,
      "cost_reliability": 0.8823757104547726
    },
    {
      "mean_vessel_reward": -2.3926923040211836,
      "mean_port_reward": -1.4130434782608696,
      "mean_coordinator_reward": -33.36540861846552,
      "total_reward": -2564.808963651583,
      "avg_speed": 8.0,
      "avg_fuel_remaining": 59.94456933446952,
      "total_fuel_used": 320.44344532424384,
      "total_emissions_co2": 997.860888739695,
      "avg_delay_hours": 26.625,
      "on_time_rate": 0.0,
      "avg_queue": 0.0,
      "dock_utilization": 0.0,
      "total_wait_hours": 13.0,
      "total_vessels_served": 7,
      "avg_wait_per_vessel": 1.8571428571428572,
      "fuel_cost_usd": 192266.0671945463,
      "delay_cost_usd": 1065000.0,
      "carbon_cost_usd": 89807.47998657255,
      "total_ops_cost_usd": 1347073.547181119,
      "price_per_vessel_usd": 168384.19339763987,
      "cost_reliability": 0.8316158066023601
    },
    {
      "mean_vessel_reward": -1.9528127048422173,
      "mean_port_reward": -1.418840579710145,
      "mean_coordinator_reward": -26.339658197325484,
      "total_reward": -2050.0804922495713,
      "avg_speed": 8.0,
      "avg_fuel_remaining": 68.45794965184993,
      "total_fuel_used": 252.33640278520062,
      "total_emissions_co2": 785.7755582731147,
      "avg_delay_hours": 24.125,
      "on_time_rate": 0.0,
      "avg_queue": 0.0,
      "dock_utilization": 0.0,
      "total_wait_hours": 44.0,
      "total_vessels_served": 13,
      "avg_wait_per_vessel": 3.3846153846153846,
      "fuel_cost_usd": 151401.84167112038,
      "delay_cost_usd": 965000.0,
      "carbon_cost_usd": 70719.80024458031,
      "total_ops_cost_usd": 1187121.6419157006,
      "price_per_vessel_usd": 148390.20523946258,
      "cost_reliability": 0.8516097947605374
    },
    {
      "mean_vessel_reward": -2.680812923699299,
      "mean_port_reward": -1.4304347826086956,
      "mean_coordinator_reward": -37.58553692117427,
      "total_reward": -2877.0781392962763,
      "avg_speed": 8.0,
      "avg_fuel_remaining": 54.96754729419962,
      "total_fuel_used": 360.259621646403,
      "total_emissions_co2": 1121.8484618068987,
      "avg_delay_hours": 29.5,
      "on_time_rate": 0.0,
      "avg_queue": 0.0,
      "dock_utilization": 0.0,
      "total_wait_hours": 29.0,
      "total_vessels_served": 12,
      "avg_wait_per_vessel": 2.4166666666666665,
      "fuel_cost_usd": 216155.7729878418,
      "delay_cost_usd": 1180000.0,
      "carbon_cost_usd": 100966.36156262089,
      "total_ops_cost_usd": 1497122.1345504627,
      "price_per_vessel_usd": 187140.26681880784,
      "cost_reliability": 0.8128597331811922
    }
  ]
}