{"reward_vessel": {"mean": -2.596400172836239, "var": 2.351594995369101, "count": 40960.00000001}, "reward_port": {"mean": -1.4192578124994435, "var": 0.14889085540883396, "count": 25600.00000001}, "reward_coordinator": {"mean": -39.74937690797217, "var": 741.554032812601, "count": 5120.00000001}, "obs_vessel": {"mean": [2.3749999999994102, 8.062499999998119, 85.58280584780827, 44.895142589848625, 0.9112141927081159, 0.2991881708117782, 0.27690698604507924, 0.2778222035753009, 0.2885914555888013, 0.3070648230831243, 0.28871485431711874, 0.33311104119735335, 0.2767907636757887, 0.29181309993846277, 0.2836947939972346, 0.2750336591538749, 0.2975120112574504, 1.967578124999509, 10.287890624997496, 33.07129090113245, 1.2567051828098645], "var": [1.2343750000013154, 0.24609375001605555, 335.243867867757, 3250.8584457213037, 0.07249902486844098, 0.30775934398218663, 0.2923616420827395, 0.322354731640341, 0.286032284012199, 0.28970995610256794, 0.3694103471571223, 0.2914456107602758, 0.24057416881915633, 0.26734122172860114, 0.24809782574505526, 0.2839126877341463, 0.27754295735021184, 1.9367417907721902, 79.98821273804359, 299.2766108048252, 0.3372978964148841], "count": 40960.00000001}, "obs_port": {"mean": [0.08488281249996674, 2.9999999999975326, 0.26249999999989826, 0.27743640293393096, 0.25839908877116796, 0.26063942596196854, 0.28097088338159154, 0.29616892235517583, 0.26754653733201395, 0.3180327962480715, 0.2665688816524928, 0.2789806650022745, 0.27061397968780976, 0.2587963463834661, 0.29010457872151085, 0.12874999999994952, 1.482793272143627, 1.717930843025901, 0.003203124999998731], "var": [0.20799022064240194, 3.906249959404395e-12, 0.6367968750001674, 0.2594359831309483, 0.24459643141083628, 0.28725599004791996, 0.2776003666157318, 0.28573321004723906, 0.30060102882676576, 0.26990891193003247, 0.22764643284566452, 0.25399357386596455, 0.2422788351639518, 0.22265269626909856, 0.26031425547763637, 0.3596734375002539, 0.017177318526507085, 0.02686555551966582, 0.0007954040531246947], "count": 25600.00000001}, "obs_coordinator": {"mean": [0.21104821100554708, 0.4267278825444961, 0.8204937696028186, 1.2532632713604233, 1.5518964915240892, 0.13832527414729517, 0.4250283112815445, 0.807103015606147, 1.144564978674665, 1.500735697551724, 0.36715103835746543, 0.6476692323541337, 1.000200099027333, 1.3974046182760222, 1.736911822422394, 0.15915064678531446, 0.46447333928193185, 0.8009889687887538, 1.2320098768797285, 1.558170015955222, 0.10473016026471745, 0.41214384327972636, 0.7056107875491626, 1.075754395965548, 1.4938384767542667, 1.9999999999960982, 8.062499999984256, 82.3527256602655, 54.953612293324056, 2.999999999994156, 8.062499999984256, 81.30827536438541, 58.20603051469684, 2.999999999994156, 8.062499999984256, 91.24085123984462, 27.275989238515347, 1.9999999999960982, 8.062499999984256, 81.98342454943703, 56.10361595244454, 3.9999999999921965, 8.062499999984256, 84.62702160634515, 47.87145471723354, 1.9999999999960982, 8.062499999984256, 83.60148143011219, 51.06498682602304, 0.0, 8.062499999984256, 87.27079246382527, 39.63875226703955, 2.999999999994156, 8.062499999984256, 92.27787446708196, 24.046698908898904, 359.1611407181764, 0.0, 1.4007816067536503, 1.49808230215324, 1.449314840558057, 1.455068481328702, 1.4007816067536503, 0.0, 1.4034970401891451, 1.5684513861130558, 1.52285398768863, 1.49808230215324, 1.4034970401891451, 0.0, 1.523441410248881, 1.5280083669154643, 1.449314840558057, 1.5684513861130558, 1.523441410248881, 0.0, 1.4784332994642497, 1.455068481328702, 1.52285398768863, 1.5280083669154643, 1.4784332994642497, 0.0], "var": [0.18803803025476507, 0.26184805767372055, 0.27117653818189924, 0.2523957316797903, 0.2819850796006642, 0.10036160488376893, 0.1366344962042062, 0.1850751156881054, 0.19106253709265955, 0.14027225689312986, 0.622215446385188, 0.5758928881070233, 0.681583658430221, 0.7055964675480163, 0.6308995022481428, 0.16581094151838405, 0.24642760305924924, 0.255319340158668, 0.2586991484645067, 0.32036816537481344, 0.025091426508350258, 0.07563373871528799, 0.08232216667495319, 0.09046213229387917, 0.09037174810022408, 9.76562492124016e-12, 0.24609375012843349, 378.86974151769317, 3673.8983678955215, 1.9531249796955872e-11, 0.24609375012843349, 380.72723549099834, 3691.910479528653, 1.9531249796955872e-11, 0.24609375012843349, 234.65178137603002, 2275.417385239999, 9.76562492124016e-12, 0.24609375012843349, 383.3948906394113, 3717.778720829634, 3.320312477040905e-11, 0.24609375012843349, 336.6259233150414, 3264.260231751077, 9.76562492124016e-12, 0.24609375012843349, 357.92241989367886, 3470.7722738920233, 1.9531249859733337e-12, 0.24609375012843349, 288.612038140367, 2798.6697792577916, 1.9531249796955872e-11, 0.24609375012843349, 194.96044780629876, 1890.5306823757192, 140382.38653663493, 1.9531249859733337e-12, 0.061089564224321824, 0.05822120427209067, 0.04745500756149448, 0.06922446383698873, 0.061089564224321824, 1.9531249859733337e-12, 0.05708345358070882, 0.047216388315742326, 0.07502542495557235, 0.05822120427209067, 0.05708345358070882, 1.9531249859733337e-12, 0.03813381287784369, 0.04404845247695898, 0.04745500756149448, 0.047216388315742326, 0.03813381287784369, 1.9531249859733337e-12, 0.06561709259895179, 0.06922446383698873, 0.07502542495557235, 0.04404845247695898, 0.06561709259895179, 1.9531249859733337e-12], "count": 5120.00000001}}